行业代码,行业名称,成分股
URFI881101,种植业与林业,"USZA002772,USZA000663,USHA600108,USZA300511,USHA600540,USHA600359,USHA601952,USZA300189,USTM920964,USZA300087,USTM920087,USZA000592,USZA002215,USHA600313,USHA600371,USZA000998,USTM920403,USZA002556,USZA300970,USHA603336,USHA601118,USZA000713,USZA002679,USHA601996,USHA600354,USZA002041,USZA300021,USHA600883,USHA600598,USHT600265"
URFI881102,养殖业,"USZA002069,USZA000798,USHA600195,USZA002157,USTM920729,USZA002458,USHA600975,USZA300967,USZA002982,USZA002746,USZA300498,USHA603717,USZA002124,USZA002299,USHA600201,USHA605296,USHA688098,USZA300119,USHA603566,USZA002714,USZA002234,USZA000735,USZA300761,USHA688526,USHA600097,USHA603477,USZA000048,USZA002688,USZA300871,USZA002321,USHA600467,USZA300094,USHA600965,USZA001201,USZA300313,USZA002868"
URFI881103,农产品加工,"USZA003030,USHA600737,USZA000930,USZA002891,USZA000702,USZA001313,USZA001338,USZA000876,USTM920023,USHA603668,USZA002100,USZA002567,USHA603231,USZA002481,USZA000019,USTM920275,USZA300673,USTM920371,USTM920419,USHA688156,USZA000505,USZA002548,USZA300999,USHA600127,USHA603182,USHA600191,USHA603609,USZA002311,USZA000911,USHA600251,USZA301498,USZA002852,USZA002385,USZA300138,USZA001366,USZA002286,USHA603151,USZA002696,USHA603363,USZA300175,USZA000972,USZA000638,USZA300268"
URFI881105,煤炭开采加工,"USHA601898,USHA601088,USHA600121,USHA600188,USHA600792,USHA601918,USZA000571,USHA600925,USHA600508,USHA601225,USHA601015,USZA000983,USHA600740,USHA600546,USHA601666,USHA600395,USZA000723,USHA601699,USHA600758,USHA600123,USHA600997,USHA601001,USZA000937,USHA601101,USHA600985,USHA600348,USHA600726,USHA600971,USZA000552,USZA002128,USHA600403,USHA601011,USHA600408"
URFI881107,油气开采及服务,"USZA002207,USHA600759,USHA600339,USHA603619,USHA601808,USHA600938,USHA603393,USZA300164,USZA300483,USZA300191,USZA000968,USTM920088,USZA002554,USHA600583,USHA600968,USHA600256,USHA600871,USHA603727,USZA002828,USHT600777"
URFI881108,化学原料,"USHA600610,USHA600328,USZA002092,USHA603213,USHA603067,USZA000635,USHA600319,USHA600929,USZA002109,USZA000510,USHA600075,USHA600955,USZA002145,USZA002386,USHA603299,USZA000707,USZA002748,USZA301190,USZA000822,USHA603938,USHA600409,USZA002469,USHA600618,USHA600784,USZA000830,USZA002601,USHA600423,USZA301069,USHA601216,USHA600714,USZA000545,USHA600722,USHA603113,USHA600844,USHA600586,USHA601065,USZA300927,USHA600746,USTM920489,USZA300891,USHA600623,USHA600935,USZA301256,USZA001217,USZA002274,USHA603276,USZA301118,USZA000818,USHA600367,USTM920304,USZA003017,USZA000990,USZA000683,USHA601678,USHA601568,USHA600989,USZA300082,USZA002136,USZA000691"
URFI881109,化学制品,"USHA688196,USZA002915,USHA600500,USZA000881,USHA688267,USTM920016,USZA300641,USHA600352,USZA002637,USZA300721,USHA688659,USZA300174,USHA603217,USZA000565,USZA002326,USHA605020,USHA603681,USZA002096,USTM920261,USZA300637,USZA301220,USHA603188,USHA603790,USZA002497,USHA603227,USZA002562,USZA001358,USZA301077,USHA600866,USZA001335,USZA301076,USHA603155,USZA300109,USHA603867,USZA002648,USHA603739,USHA603310,USZA002360,USZA300169,USHA688133,USZA300801,USHA603065,USHA603916,USHA688157,USZA301036,USZA300522,USHA603079,USZA002810,USZA301206,USHA603379,USHA688398,USTM920422,USZA300727,USZA002440,USZA300910,USZA300214,USZA301286,USZA300758,USHA603010,USHA600309,USHA603172,USTM920519,USHA603041,USZA300848,USZA301156,USTM920471,USHA600873,USHA603062,USHA603051,USHA600727,USZA301149,USZA301373,USZA301212,USZA301209,USZA300596,USZA001218,USZA002319,USZA301585,USZA002166,USHA603120,USZA300858,USZA300405,USTM920033,USHA688602,USZA002669,USHA688065,USZA002783,USHA688269,USTM920974,USTM920832,USHA600160,USZA301283,USHA688199,USHA603683,USZA300798,USTM920015,USHA603505,USZA002597,USZA300829,USZA002917,USHA603281,USZA002226,USHA603948,USZA300107,USHA688357,USHA603285,USHA600273,USHA688089,USZA002909,USHA603980,USHA600378,USHA603192,USZA301683,USZA300041,USHA603181,USZA002453,USHA605077,USHA688639,USZA300741,USZA003002,USHA605366,USZA002802,USZA002591,USZA002971,USZA002430,USHA688571,USTM920957,USZA300072,USZA002809,USZA002165,USHA603260,USHA603977,USZA300019,USZA002683,USZA002827,USZA300200,USHA688350,USHA605566,USZA301100,USHA603334,USZA300665,USZA002407,USZA300821,USHA688129,USHA603110,USHA603004,USHA603255,USZA002054,USZA002666,USTM920970,USZA300535,USHA603968,USHA688625,USZA300610,USHA605399,USZA301618,USZA301518,USHA603125,USHA600230,USZA301617,USZA002246,USZA301037,USZA002037,USHA605016,USHA603823,USZA002455,USZA300067,USHA600299,USHA603020,USHA688179,USHA603722,USHT600165,USZA300343,USHT603822,USZA002211,USZA300225"
URFI881112,钢铁,"USZA000708,USZA000717,USHA603995,USHA601686,USZA000778,USHA600782,USHA600117,USZA000762,USHA603878,USZA000825,USZA000959,USHA600022,USZA002075,USZA002110,USHA600282,USHA600808,USHA601003,USHA600231,USHA600307,USZA002318,USZA002443,USZA000655,USZA000932,USZA000923,USZA000709,USHA600126,USHA601969,USHA600382,USHA600399,USHA600507,USHA600516,USZA000629,USHA600295,USZA001203,USHA601005,USZA300881,USZA002478,USZA000761,USHA600019,USHA601121,USHA600010,USHA600569,USZA000898,USHT600581"
URFI881114,金属新材料,"USTM920078,USZA300963,USZA000970,USZA301141,USZA300224,USHA688190,USHA688786,USHA688811,USHA688456,USZA301622,USZA000795,USZA300127,USHA600255,USZA301323,USZA300855,USTM920576,USHA603072,USHA688102,USHA603978,USZA301522,USHA600366,USZA300835,USTM920152,USZA300748,USHA603124,USTM920751,USHA605158,USZA300930,USZA000633,USHA688077,USZA300811,USHA601137,USZA000969"
URFI881115,建筑材料,"USZA300374,USZA001212,USHA600176,USHA688119,USZA002080,USZA300986,USHA601112,USHA603601,USZA002718,USHA600819,USZA002652,USHA603378,USZA300599,USHA600326,USZA002302,USZA002372,USZA002043,USZA000877,USHA605122,USHA600678,USZA000672,USHA605006,USZA301429,USHA600293,USHA603737,USZA003037,USZA002066,USTM920191,USHA600425,USZA002457,USHA601636,USZA002225,USHA600449,USZA000012,USZA000789,USZA002785,USZA002333,USZA002088,USZA002671,USZA002398,USZA300737,USTM920580,USZA300715,USZA300234,USZA002247,USZA002201,USZA301010,USZA000401,USHA601992,USHA600668,USZA002791,USHA600801,USHA603038,USHA603616,USZA002596,USZA000619,USHA600585,USZA002205,USTM920076,USZA301526,USZA002694,USZA002641,USHA600802,USZA000055,USHA605318,USZA002233,USHA603856,USTM920792,USZA002271,USZA300196,USZA000786,USZA002392,USZA002613,USZA300198"
URFI881116,建筑装饰,"USZA002431,USZA300564,USZA003001,USZA002989,USTM920873,USZA002883,USHA601068,USZA301058,USHA600720,USHA603017,USHA601618,USHA601390,USHA601186,USHA603257,USHA601868,USHA601800,USHA601668,USHA601117,USHA601611,USZA002116,USHA601669,USHA603860,USZA002051,USZA000928,USZA300635,USTM920003,USHA600970,USZA002811,USHA603637,USZA002061,USZA002761,USZA301136,USHA605303,USZA300983,USZA300712,USHA603929,USZA002375,USZA002323,USTM920149,USZA002941,USZA300778,USZA002775,USZA300621,USTM920019,USHA600846,USHA600512,USHA600667,USHA600820,USZA301505,USZA300982,USZA300284,USHA600039,USHA605178,USHA603163,USZA300977,USZA301038,USZA000032,USZA301091,USZA300732,USHA603357,USHA603153,USHA600170,USHA605598,USHA600248,USZA300844,USZA000498,USHA603098,USZA300384,USTM920099,USZA002629,USHA603030,USZA300500,USHA600284,USZA002663,USZA300536,USHA601789,USZA301046,USZA002830,USZA002856,USZA000010,USHA605289,USHA600491,USHA600853,USHA605167,USZA300989,USHA600234,USHA603458,USZA301365,USZA301390,USHA600496,USZA301098,USZA002081,USHA603815,USHA601886,USZA301167,USZA300675,USHA603909,USZA301024,USHA603176,USZA002949,USTM920427,USHA603018,USZA301027,USHA600629,USHA601226,USZA002062,USZA002541,USHA603137,USZA002963,USZA300649,USHA600477,USZA002163,USZA300517,USZA300048,USTM920892,USZA002482,USZA002060,USZA000628,USZA000779,USZA002743,USZA002135,USZA002140,USZA003013,USHA605287,USHA603955,USHA600939,USZA002628,USZA300826,USZA002307,USZA000065,USTM920057,USHA601133,USZA300949,USHA600502,USZA002586,USZA002620,USZA300506,USHT603828,USZA002542,USHT603843,USZA300029,USZA002200,USZA002789,USZA002713,USHT600193,USZA002047"
URFI881117,通用设备,"USZA001696,USHA688648,USZA002445,USZA300470,USHA688211,USZA000039,USZA301559,USZA000777,USZA002896,USZA002877,USZA300985,USZA301303,USZA300838,USZA301616,USTM920855,USHA688577,USZA301107,USZA300306,USZA002943,USZA002903,USHA688628,USTM920943,USZA002795,USHA603308,USZA301399,USZA301272,USHA603969,USHA603277,USZA002686,USZA002559,USZA301317,USTM920950,USZA002639,USTM920685,USZA300259,USHA688257,USZA300157,USZA301032,USZA301226,USZA301160,USHA605056,USZA002767,USZA001306,USHA603667,USZA300420,USHA688028,USZA002871,USZA000880,USZA002849,USHA688600,USZA301252,USTM920509,USZA300990,USZA301255,USTM920651,USZA300165,USZA301125,USZA001379,USZA002843,USZA300992,USZA002347,USZA000570,USHA603339,USHA688665,USZA300179,USHA688115,USHA688583,USZA003025,USZA300817,USZA000410,USZA301018,USZA002633,USHA603131,USZA300897,USZA002026,USZA300515,USZA300066,USZA300554,USZA300466,USHA603028,USZA300828,USZA300126,USZA301129,USZA300154,USZA301596,USZA301273,USZA301525,USHA688768,USTM920223,USZA002520,USHA688528,USZA000837,USZA301603,USTM920679,USTM920169,USHA688337,USZA301353,USHA688308,USHA688697,USHA603699,USHA603700,USHA603088,USZA002164,USZA300417,USZA300145,USZA300112,USZA301309,USZA301268,USHA688355,USTM920833,USZA300861,USZA301006,USZA301043,USZA300263,USHA600592,USZA002884,USHA605060,USZA300421,USZA002131,USZA300557,USHA688557,USTM920363,USHA688056,USZA301311,USTM920570,USTM920689,USHA688455,USHA688305,USHA603662,USZA300445,USZA300257,USZA301070,USZA301448,USHA603617,USZA002444,USZA002342,USZA300203,USTM920505,USHA603279,USHA688251,USTM920035,USZA300567,USHA600860,USHA601002,USZA300984,USZA300606,USZA300349,USHA603270,USZA002530,USZA002438,USZA300193,USHA603912,USZA300553,USTM920879,USZA300503,USZA300371,USTM920455,USTM920725,USHA600172,USZA300161,USHA603400,USHA688433,USHA688059,USHA688379,USHA605100,USZA002248,USZA300809,USHA603090,USZA002132,USTM920870,USZA301261,USZA300488,USZA300946,USHA688622,USHA600343,USHA601177,USZA002158,USZA300007,USHA601882,USHA603187,USHA603269,USTM920476,USZA300720,USZA300885,USHA600202,USZA301137,USHA688558,USHA603915,USZA002046,USHA600992,USZA301151,USZA301197,USHA688539,USZA300228,USZA002760,USZA002931,USZA301368,USTM920510,USTM920082,USTM920662,USZA300700,USZA301528,USHA600114,USZA300354,USZA002819,USZA002175,USHA688112,USZA301377,USZA301028,USHA688360,USZA300780,USHA603757,USHA603278,USHA600558,USHA688448,USZA300943,USTM920961,USZA300083,USHA603100,USZA002272,USZA301548,USTM920407,USZA300718,USHA603201,USHA688333,USZA002282,USZA000530,USZA000811,USZA300667,USTM920807,USHA603082,USZA300441,USZA002514,USZA300402,USZA301083,USHA603331,USTM920491,USZA301413,USZA300370,USZA300572,USHA688610,USTM920693,USZA002598,USZA002122,USHA688808,USZA300211,USHT600889,USZA300091,USHT600421,USHT600243"
URFI881118,专用设备,"USTM920026,USHA688121,USHA600545,USHA603135,USZA300512,USHA601608,USZA300435,USZA002021,USZA002779,USHA600579,USHA601106,USHA688128,USHA601717,USHA688596,USHA600320,USZA300837,USHA603488,USZA001288,USHA603095,USZA301053,USZA300099,USZA300549,USHA603901,USZA002837,USZA002786,USZA300415,USHA601038,USZA001395,USHA688633,USHA688383,USZA300509,USHA688630,USZA001332,USTM920061,USZA001256,USZA002722,USHA603956,USZA301533,USHA605286,USZA300931,USHA603895,USZA002564,USZA002523,USZA002009,USHA603029,USHA600582,USTM920014,USZA003036,USHA603289,USZA300813,USHA688813,USHA603656,USZA001277,USZA300382,USZA300540,USZA002278,USHA688328,USHA603159,USHA600835,USHA600843,USHA601369,USZA002490,USZA002526,USZA300210,USZA301056,USTM920475,USHA600520,USZA002337,USZA002483,USTM920717,USTM920781,USZA002073,USHA603036,USHA688531,USZA002960,USZA002757,USZA001360,USZA300004,USZA300818,USHA688419,USTM920931,USZA002690,USHA688420,USHA603321,USZA300275,USHA605259,USTM920284,USZA002535,USHA688113,USHA603391,USZA301013,USHA603076,USHA603169,USZA300293,USHA601798,USZA002774,USZA300092,USZA002367,USTM920553,USZA301338,USZA300412,USZA301128,USHA688162,USZA002031,USHA688627,USZA002006,USZA300988,USHA600560,USZA300281,USZA300756,USZA300411,USZA002353,USHA603337,USHA600397,USZA001400,USZA300823,USZA002691,USZA000856,USHA688022,USZA301392,USZA301601,USHA688071,USZA301138,USHA688001,USZA300095,USHA603855,USHA603356,USTM920895,USZA300669,USZA300471,USZA002890,USZA002833,USHA688789,USHA603800,USZA301105,USTM920177,USZA001225,USTM920856,USZA300833,USHA688529,USZA002595,USHA603698,USHA600501,USHA688755,USZA300084,USZA301063,USTM920156,USHA603011,USHA601399,USHA600444,USZA300902,USTM920703,USHA600894,USZA300480,USZA301260,USZA300499,USHA603173,USTM920608,USHA603966,USZA000852,USHA688700,USZA002611,USZA002730,USHA688377,USZA301158,USZA300950,USZA300879,USTM920091,USZA002204,USZA300865,USHA603081,USZA300103,USZA002209,USZA300307,USTM920810,USHA603012,USZA300195,USTM920158,USZA300151,USZA301468,USZA300971,USHA603325,USZA301598,USHA600302,USHA600980,USHA600262,USZA300836,USTM920112,USTM920080,USZA300521,USHA688092,USZA002689,USHT600169,USHT603789,USZA300472,USZA300159,USZA002816,USZA002529"
URFI881121,半导体,"USZA002049,USZA300782,USZA300327,USHA688981,USHA688012,USHA688380,USHA688332,USHA688361,USZA003026,USHA603991,USHA603690,USHA603986,USHA688362,USHA688498,USHA688515,USHA600206,USHA688432,USHA688807,USHA688209,USHA688689,USZA300373,USHA688172,USZA002409,USZA301536,USHA688593,USHA605111,USZA301678,USHA688037,USHA688521,USHA688508,USHA688469,USHA688595,USHA688582,USHA688230,USHA688605,USHA600641,USHA688173,USZA301629,USHA688783,USHA600745,USHA688372,USHA688153,USHA688147,USHA688072,USZA002156,USHA688234,USHA688252,USHA688591,USZA300046,USHA688213,USHA688536,USHA603290,USHA600460,USZA300661,USHA688233,USHA688584,USHA600171,USHA688325,USZA300456,USHA603893,USHA688352,USZA300458,USHA688138,USHA688216,USHA688766,USZA300831,USHA688530,USHA688484,USHA688052,USHA688802,USHA688795,USHA688699,USHA688286,USHA688458,USHA688401,USHA688486,USHA688047,USHA688721,USHA688449,USZA301369,USHA688601,USHA688589,USHA605358,USHA688135,USHA688018,USHA688008,USZA301348,USHA688693,USZA301611,USHA688653,USZA002119,USTM920526,USTM920179,USHA688391,USHA688809,USHA688049,USHA688167,USHA688123,USHA688652,USHA688478,USHA688130,USHA688249,USHA688368,USHA603005,USHA688099,USHA603061,USZA300623,USHA688141,USZA300666,USZA301308,USHA603160,USHA688403,USHA688512,USZA003043,USZA002185,USHA688396,USTM920139,USHA688347,USHA688120,USHA688535,USHA688200,USHA688126,USHA688711,USHA688785,USHA688608,USHA688416,USHA688727,USHA603501,USZA300053,USHA688256,USHA688041,USHA688729,USHA688262,USZA300077,USZA300672,USHA688728,USZA300613,USZA300671,USZA301297,USHA688409,USHA688385,USHA688279,USHA688110,USHA688261,USHA600877,USHA688381,USZA001309,USZA002213,USHA600198,USZA301666,USZA002077,USHA688082,USHA688702,USHA603375,USHA688259,USTM920012,USHA603316,USHA688709,USHA688048,USHA600584,USZA300604,USHA688691,USHA688061,USHA603068,USHA688045,USZA300223,USZA002371,USHA688525,USHA688220,USHA688790,USHA688107,USHA688620,USHA688798,USHA688720,USZA300706,USHT688270,USHA688820,USHT600360"
URFI881122,光学光电子,"USZA300232,USHA688307,USHA603297,USZA300582,USHA600261,USZA002952,USZA002983,USZA002723,USZA001373,USZA002962,USHA603773,USTM920001,USHA605218,USZA002387,USZA002845,USZA301379,USZA301045,USHA688195,USZA301002,USZA300331,USZA002273,USHA688781,USZA002137,USZA000050,USZA000020,USZA000045,USHA600884,USZA300701,USZA300625,USZA002876,USHA600703,USZA300241,USZA003015,USZA300939,USHA688496,USZA002638,USHA603515,USZA002456,USZA300940,USZA002654,USZA002745,USZA301362,USHA688079,USHA688502,USZA300752,USHA688055,USZA001326,USZA300269,USZA300545,USZA002036,USHA605365,USZA300296,USZA300162,USHA688127,USZA002106,USZA001308,USHA600552,USZA301106,USZA300303,USZA300708,USZA300808,USZA300120,USZA000725,USZA300566,USZA300909,USZA000536,USHA603679,USZA000509,USZA300323,USZA301479,USZA300219,USZA002955,USTM920339,USHA688538,USZA301321,USZA002724,USZA300102,USZA002217,USZA002449,USZA300489,USZA300632,USHA605588,USZA000727,USTM920438,USZA002222,USHA688010,USZA000541,USHA600071,USZA301183,USHA603303,USZA003019,USHA603703,USHA603685,USHA688299,USZA300088,USHA600707,USZA301421,USZA002992,USHA688181,USZA002587,USHA688322,USZA300889,USZA300389,USZA000100,USZA300301,USZA300076,USZA002076,USZA002808"
URFI881123,其他电子,"USZA301031,USZA001287,USZA301563,USZA002161,USZA000670,USZA300131,USZA002922,USZA301099,USHA600353,USZA002388,USZA300475,USZA002130,USZA301328,USZA300650,USHA688093,USZA000062,USZA300975,USTM920181,USHA603933,USZA300493,USHA688800,USZA300656,USZA300184,USZA002782,USZA300516,USZA002885,USZA002859,USZA001298,USZA002729,USZA301275,USHA688103,USHA688662,USZA301359,USZA300991,USZA300736"
URFI881124,消费电子,"USZA002369,USZA300686,USHA688260,USZA002861,USZA301123,USHA688775,USZA002925,USZA300956,USZA001314,USZA300812,USHA603380,USTM920357,USTM920267,USZA300256,USZA301051,USZA301329,USZA300136,USHA605277,USZA301067,USTM920346,USZA002139,USHA688210,USZA301383,USZA301626,USZA300322,USZA002841,USZA002426,USZA300843,USZA000021,USZA301180,USZA002660,USZA002351,USZA301606,USZA301389,USHA603341,USZA002600,USHA600363,USZA002475,USHA603629,USZA300784,USZA300916,USZA300543,USZA300433,USHA603052,USHA603626,USZA301182,USZA300709,USZA300032,USZA002855,USZA301326,USZA300868,USZA300793,USTM920857,USZA002888,USTM920876,USHA601231,USHA603296,USZA301285,USZA301086,USZA002947,USHA688661,USTM920701,USZA301491,USZA300787,USTM920183,USZA002045,USZA300735,USHA688007,USZA301387,USZA002655,USHA601138,USZA300968,USZA002241,USHA603327,USHA600203,USHA688678,USZA002681,USZA300602,USTM920005,USZA300679,USZA300976,USHA603890,USHA688036,USZA002866,USZA002981,USZA300647,USZA300115,USZA300951,USZA300822,USZA301567,USZA301189,USZA002993,USZA300866,USZA002635,USHT603595,USZA002055,USHT600130"
URFI881125,汽车整车,"USZA000980,USZA000957,USZA301039,USZA000951,USHA600066,USZA000800,USHA600303,USHA600104,USHA601127,USHA601777,USHA600686,USZA000550,USHA600418,USHA600375,USZA000572,USHA601238,USHA600166,USHA600006,USHA601633,USZA000625,USZA002594,USHA600733,USZA000868"
URFI881126,汽车零部件,"USZA301560,USHA688737,USZA002448,USHA603767,USZA301072,USZA000887,USHA603049,USTM920212,USHA603352,USHA603089,USZA301119,USHA603239,USZA002703,USHA603119,USHA603048,USZA301535,USZA301000,USZA300695,USZA301173,USZA300304,USZA002725,USZA002406,USHA603418,USHA601279,USZA300681,USZA002126,USZA002420,USTM920221,USZA301631,USZA001278,USHA603190,USZA002284,USHA603013,USZA301310,USHA603949,USHA603305,USZA002937,USZA002355,USZA301398,USHA601799,USZA002664,USHA603040,USHA603179,USZA002328,USZA301613,USZA300745,USZA002965,USZA000678,USZA002870,USZA301170,USHA605151,USZA300733,USHA603348,USZA301499,USZA000338,USZA000581,USZA300707,USHA688612,USHA603023,USTM920896,USHA601689,USTM920454,USHA601500,USTM920187,USHA603390,USTM920168,USHA603926,USHA603202,USZA002283,USZA002510,USHA605255,USTM920270,USHA603266,USHA603085,USHA603158,USZA301192,USTM920020,USHA603210,USTM920378,USZA002766,USZA301397,USTM920418,USZA300507,USZA002454,USZA300893,USZA301550,USTM920906,USZA300100,USZA002472,USTM920022,USHA603178,USHA605228,USHA603109,USHA600626,USHA688533,USHA605128,USHA603107,USZA000981,USZA002984,USTM920195,USZA001282,USHA601163,USHA601058,USHA605133,USZA002997,USZA002976,USZA001285,USHA603286,USZA002593,USHA600218,USHA603982,USZA000599,USHA603758,USZA300375,USZA301229,USZA002048,USHA603788,USZA300998,USZA002553,USZA301667,USHA605319,USZA000559,USZA300643,USZA002434,USZA002085,USZA002590,USZA000700,USZA001319,USTM920663,USHA605068,USZA301020,USZA300611,USHA603319,USZA300694,USHA603633,USZA002813,USTM920055,USZA300680,USZA002363,USHA600480,USHA688667,USHA601966,USTM920106,USHA603006,USZA301656,USZA002921,USZA300428,USZA300652,USHA603655,USZA002765,USZA001260,USZA002516,USTM920086,USZA301552,USHA603161,USHA603786,USHA603037,USZA300912,USTM920978,USZA300863,USTM920533,USHA600699,USHA688280,USZA300258,USHA603211,USZA002863,USHA603586,USZA301133,USHA603922,USZA002488,USHA600609,USTM920690,USTM920242,USHA603997,USTM920720,USHA603409,USZA301581,USHA603306,USTM920837,USHA600741,USZA002906,USTM920146,USZA001380,USHA603121,USTM920247,USZA002806,USHA603358,USZA300928,USHA603007,USHA605333,USHA600698,USZA301539,USZA300176,USZA300969,USZA301225,USHA603809,USZA301488,USZA300446,USZA000901,USHA600151,USZA301022,USZA002537,USZA001233,USHA605005,USHA603917,USZA000589,USHA600523,USZA002101,USZA002708,USHA605088,USZA301680,USHA600742,USZA301607,USZA300432,USZA000030,USHA600660,USZA301529,USHA603166,USHA600469,USZA002662,USZA301459,USZA002536,USHA600651,USHA603730,USZA001311,USHA600841,USZA301298,USZA300978,USHA600081,USHA600178,USHA603335,USZA002715,USZA002920,USZA301007,USHA603701,USZA300473,USHA603376,USTM920436,USZA301233,USZA002547,USZA300547,USZA002190,USZA301005,USZA301186,USHA603950,USHA605018,USHA600148,USHA603035,USHA603768,USHA600960,USHA603596,USZA301608,USZA300926,USZA301181,USZA300580,USHA603009,USHA603197,USTM920271,USZA002239,USZA300585,USHA688021,USTM920000,USHA600933,USZA300816,USHA603293,USHA600182,USZA000903,USZA300237,USZA002592"
URFI881128,汽车服务及其他,"USZA301215,USHA600818,USZA003033,USHA603776,USZA002105,USHA603787,USZA301345,USHA600653,USHA600822,USHA600679,USZA000913,USZA301322,USHA603766,USHA600099,USHA689009,USZA300994,USTM920058,USZA000757,USHA600335,USTM920030,USHA603129,USHA600386,USHA603529,USZA300825"
URFI881129,通信设备,"USZA000063,USHA600522,USZA300308,USZA300414,USZA003031,USZA301486,USHA688418,USZA300913,USTM920374,USHA688159,USHA600105,USHA688080,USZA002897,USZA300628,USHA603236,USZA300590,USZA002396,USHA688387,USZA300502,USZA300615,USZA002194,USHA688100,USZA002792,USZA002491,USZA300394,USZA300504,USZA000070,USZA300570,USHA688592,USHA688313,USZA002796,USZA300563,USHA688618,USZA301165,USHA603803,USZA002313,USHA600775,USZA300698,USZA300710,USZA002902,USZA301577,USZA301307,USZA002881,USZA301205,USTM920249,USZA301202,USHA688283,USZA300565,USZA301314,USHA603083,USZA300213,USTM920045,USZA000586,USZA001267,USZA002296,USHA603042,USZA300627,USZA002104,USHA600487,USHA688292,USZA002583,USHA688027,USZA300638,USZA300711,USZA002281,USZA300620,USHA603118,USZA300098,USTM920640,USHA600498,USZA301191,USZA002017,USZA300353,USZA300183,USHA600776,USHA603421,USHA688668,USHA688205,USZA300134,USZA003040,USZA300689,USHA688143,USZA300548,USHA600345,USHA601869,USHA688182,USZA301419,USZA300555,USZA300205"
URFI881130,计算机设备,"USZA300659,USZA002912,USZA300270,USHA603019,USZA000066,USZA300847,USZA001339,USZA300771,USZA301503,USZA300645,USZA300333,USHA688060,USZA300790,USZA300531,USHA688475,USZA300249,USZA300324,USZA300546,USZA300130,USZA002376,USZA000997,USZA300857,USZA300588,USZA300508,USZA301318,USTM920198,USZA300302,USZA002835,USHA600100,USZA301339,USZA300807,USZA300743,USZA300789,USZA301330,USHA603660,USHA603508,USTM920808,USTM920976,USZA300479,USHA688489,USZA002970,USZA301589,USZA001229,USZA300552,USTM920036,USHA688619,USZA300691,USHA605118,USTM920190,USZA002577,USZA000977,USZA300042,USTM920395,USZA301391,USZA002869,USZA300845,USZA301117,USZA300368,USZA301600,USHA688288,USHA603106,USHA603496,USZA300455,USZA300449,USZA002415,USZA002152,USZA300551,USZA300386,USZA002268,USZA300884,USHA688208,USZA002236,USZA002990,USHA603516,USZA300941,USZA002180,USZA301042,USZA300155,USZA002528,USZA300462,USZA002512,USTM920090,USZA003004"
URFI881131,白色家电,"USZA301280,USZA003028,USZA001387,USZA300160,USZA002860,USZA300342,USZA002676,USTM920768,USZA000016,USHA603578,USZA002050,USZA301135,USHA603075,USTM920124,USHA603150,USZA000333,USZA001268,USHA603519,USHA603726,USZA002418,USHA603677,USHA603311,USHA600983,USHA603112,USTM920108,USZA301008,USZA300279,USZA002402,USZA002290,USZA300403,USZA000921,USHA600619,USHA600690,USTM920699,USTM920718,USZA000651,USZA002011,USZA300217,USHA601956,USHA600854,USHA603657,USZA000521,USZA000404,USHA600336,USZA002668"
URFI881132,黑色家电,"USZA002429,USZA000801,USHA600839,USHA688609,USHA688696,USHA600060,USZA000810,USZA301578,USZA002848"
URFI881133,饮料制造,"USZA002910,USZA002461,USHA600084,USZA000869,USHA600887,USHA605179,USHA603156,USZA001318,USZA002732,USZA000729,USZA300898,USZA002946,USHA603711,USZA300106,USHA600300,USHA603779,USHA600419,USHA600429,USHA600189,USHA600600,USZA300892,USHA600543,USHA600882,USHA605337,USTM920786,USHA605388,USHA600616,USHA605300,USHA601579,USHA600573,USZA002329,USZA300997,USZA300915,USZA000523,USHA600962,USHA600597,USHA600059,USHA605499,USHA600132,USZA000848,USZA002570,USZA002568,USHA605198,USZA000752,USHT600238,USZA000929"
URFI881134,食品加工制造,"USHA603057,USTM920726,USZA300908,USHA600872,USHA603886,USHA603697,USZA301116,USTM920273,USZA002847,USZA300791,USZA000639,USZA002956,USHA603237,USHA605089,USHA603317,USHA603866,USZA300146,USZA000895,USZA300783,USZA002216,USHA603755,USZA001219,USZA001215,USHA603027,USZA002557,USHA605339,USZA002719,USZA002726,USHA603719,USHA600186,USZA300973,USHA603777,USZA002661,USTM920429,USZA003000,USZA002515,USZA002626,USHA600530,USZA002495,USHA603262,USHA603536,USZA002695,USZA002840,USHA600305,USZA000716,USZA002582,USZA002702,USHA603288,USZA002820,USHA603043,USZA000529,USHA600073,USZA002991,USTM920826,USZA002507,USZA002330,USHA605567,USHA603170,USHA603102,USHA605338,USHA600298,USHA603345,USHA603696,USHT603517,USZA002650,USHT600381"
URFI881135,纺织制造,"USHA601599,USHA603130,USHA605055,USTM920527,USZA002098,USZA002674,USHA603889,USZA000955,USZA002003,USHA603055,USHA603238,USZA300918,USZA301066,USZA000726,USZA002394,USZA300819,USHA600232,USZA300877,USZA002042,USHA600156,USHA605180,USZA000850,USZA300979,USHA600448,USZA002144,USHA600987,USZA001390,USZA002083,USHA605189,USHA600493,USHA603073,USHA601339,USZA001312"
URFI881136,服装家纺,"USZA002867,USHA605003,USZA300901,USHA600916,USZA003041,USHA603307,USHA600177,USZA003016,USHA603608,USZA300005,USHA603877,USTM920262,USZA001234,USHA603365,USZA000017,USZA002563,USZA002780,USHA600439,USZA002193,USZA301088,USZA002687,USZA002029,USHA603196,USZA300591,USHA603908,USZA002574,USZA002397,USZA002269,USZA300945,USZA002293,USHA600630,USHA600612,USHA600137,USZA002612,USHA603900,USZA300840,USHA603665,USZA300577,USHA601566,USHA603518,USZA002721,USHA603558,USZA002486,USZA002404,USZA301276,USHA601718,USZA002763,USZA002494,USZA001209,USZA300952,USHA600398,USHA603958,USHA603116,USHA600400,USHA603808,USZA002327,USZA000026,USHA603587,USZA301177,USHA605138,USZA002345,USHA605599,USZA002832,USZA002154,USZA002634,USHA603001,USHA603839,USZA002875,USHA603511,USZA002731,USHT600735,USHT603557,USHT600107,USZA002656,USZA002762,USZA002569"
URFI881137,造纸,"USHA600963,USHA600793,USHA603733,USHA605007,USZA002078,USHA603863,USHA600567,USHA605500,USHA603165,USHA600103,USTM920394,USHA600235,USHA603284,USZA002012,USZA002521,USZA002067,USHA605377,USHA600308,USHA600356,USZA301469,USHA600433,USHA600966,USZA002235,USZA000488"
URFI881138,包装印刷,"USHA600210,USZA000659,USZA002374,USZA301223,USZA002831,USZA002014,USHA603058,USZA002846,USHA603022,USZA300260,USZA301296,USZA002836,USHA603499,USZA301198,USZA002735,USZA003003,USZA002565,USZA301062,USZA000812,USZA002752,USHA601515,USZA301355,USZA002303,USZA300883,USHA600076,USZA001279,USHA603607,USZA002191,USZA003018,USTM920121,USTM920392,USZA002969,USZA002799,USZA002787,USTM920204,USTM920274,USZA300501,USZA002228,USTM920163,USZA002117,USHA603687,USZA002599,USHA601968,USTM920075,USZA002701,USHT603429"
URFI881139,家居用品,"USZA002678,USHA603091,USHA603709,USZA301376,USHA603801,USHA605080,USZA001238,USZA002489,USZA301055,USZA002162,USZA001222,USZA300993,USHA603600,USZA002899,USZA301113,USZA300163,USHA603008,USHA605155,USHA603326,USHA605268,USZA001368,USZA301356,USZA301335,USHA603725,USZA301595,USTM920132,USZA002572,USHA603992,USZA001211,USHA605299,USZA002862,USZA300616,USZA301227,USZA001300,USZA002790,USHA603610,USZA301336,USHA603818,USZA002094,USZA002853,USHA603833,USZA001323,USZA301101,USHA603216,USHA603313,USZA002918,USTM920765,USHA600337,USZA001386,USTM920445,USHA603272,USZA300729,USHA600499,USZA301287,USZA002301,USHA603180,USZA300651,USZA301061,USHA603208,USHA603408,USZA001322,USZA301004,USHA603385,USZA301011,USZA001216,USZA301501,USHA603661,USHA603848,USHA603898,USZA001221,USZA003011,USZA002084,USZA300329,USZA002615,USZA301193,USZA002103,USHA603816,USHA605099,USHA603195,USZA002348,USZA001356,USHA603226,USZA003012,USZA300749,USZA002798,USZA300640,USZA002571,USZA002631,USZA000910,USZA300703,USHA603899,USHA603615,USHA603221,USZA301575,USHT603021,USHT603389,USHT600599,USHT603838"
URFI881140,化学制药,"USTM920566,USZA000931,USHA600216,USHA688266,USHA688658,USHA688513,USZA002437,USZA002365,USZA300381,USHA688382,USZA002019,USZA002826,USZA300723,USZA002370,USHA688176,USHA688247,USZA300573,USTM920017,USZA002294,USZA301277,USZA300765,USZA000756,USTM920367,USZA002001,USHA603207,USZA300111,USZA002332,USZA301130,USHA603676,USHA688321,USHA603351,USZA301089,USZA300636,USZA000766,USZA300702,USHA603235,USZA301263,USHA603520,USZA002038,USZA300204,USHA688197,USHA688117,USHA600613,USHA688091,USZA300452,USHA603168,USTM920946,USZA300583,USHA688758,USZA002923,USHA688221,USZA300254,USZA002550,USZA000739,USTM920230,USZA002102,USHA688189,USHA688690,USTM920547,USZA301507,USHA688373,USHA603538,USZA002793,USHA600789,USHA603669,USHA600513,USZA002393,USZA003020,USZA000513,USZA300006,USZA301281,USZA002422,USZA300086,USZA300705,USZA002020,USHA600488,USZA300434,USZA000919,USZA300233,USHA603707,USHA600380,USHA688356,USHA688566,USHA688553,USZA000915,USHA600062,USZA300110,USHA688799,USHA600521,USZA000963,USHA600812,USZA002004,USZA300401,USZA301246,USHA600276,USZA301211,USZA000953,USHA600774,USZA300199,USHA600267,USHA600851,USZA002099,USZA002653,USZA001367,USZA002399,USZA000566,USHA688302,USZA300584,USTM920656,USHA600664,USZA002900,USTM920478,USHA600420,USHA605507,USZA300436,USZA000952,USZA300966,USZA300497,USZA301258,USHA600196,USHA688505,USHA601089,USZA300194,USZA000153,USZA300267,USZA002262,USZA301075,USHA605177,USZA002675,USZA000597,USHA688192,USZA000813,USTM920735,USZA301301,USHA603811,USHA603367,USZA300255,USHA688166,USHA688759,USZA301065,USZA300558,USZA300016,USZA000788,USHA688506,USHA688235,USHA603229,USZA002755,USHA605116,USZA002940,USHA688578,USZA002872,USHT600079,USHT688076,USZA000908,USHT600624,USZA002742,USZA002898,USZA002168"
URFI881141,中药,"USZA300181,USZA002317,USHA600252,USZA300158,USHA603567,USZA000538,USZA301111,USZA002566,USHA600594,USZA002603,USHA600351,USZA002390,USZA002873,USZA300519,USZA002107,USZA300878,USHA600085,USHA600535,USHA600671,USZA002728,USHA600222,USHA600129,USHA603896,USTM920266,USZA300039,USHA603439,USZA000650,USHA600479,USHA600436,USZA002864,USZA002082,USHA600993,USZA300534,USHA600285,USHA600422,USZA002737,USHA600557,USHA600518,USHA603139,USHA600572,USZA002287,USZA000989,USZA002349,USHA600080,USHA600976,USZA002198,USHA600566,USZA000623,USZA000790,USZA002907,USZA000999,USHA600750,USZA002412,USZA300026,USZA002275,USHA600771,USZA000590,USZA002644,USHA603998,USZA301331,USZA000423,USTM920433,USHA600329,USHA603858,USHA600332,USZA300147,USHT605199,USZA002424"
URFI881142,生物制品,"USHA688443,USZA300122,USZA301166,USZA301047,USHA600211,USZA300142,USZA300357,USZA002880,USHA600867,USHA600161,USHA688278,USHA688520,USZA002252,USTM920344,USHA688336,USZA300485,USHA688163,USHA688331,USZA000403,USHA688319,USHA688105,USTM920047,USHA688428,USZA000534,USHA688062,USHA600739,USHA688136,USHA688185,USZA300601,USTM920575,USZA300841,USZA002773,USHA603590,USHA688687,USHA688180,USHA688137,USHA688670,USZA301393,USZA301207,USZA002007,USHA688765,USHA603087,USZA300239,USHA688739,USZA000661,USZA300318,USZA300294,USZA301080,USHA688276,USHA688177,USZA300009,USHA688488,USZA002581,USZA000518,USZA002693"
URFI881143,医药商业,"USHA600056,USZA000705,USZA000411,USHA603939,USZA002727,USZA300937,USZA301017,USHA601607,USHA603716,USHA603108,USZA002589,USHA600829,USHA600713,USZA002788,USHA603368,USHA603883,USHA600272,USHA600998,USZA301584,USHA605266,USZA002462,USZA301408,USZA000078,USHA603122,USZA000028,USHA600511,USZA301370,USHA600833,USHA603233,USZA301126,USZA000950,USZA301015"
URFI881144,医疗器械,"USHA600645,USTM920992,USZA300981,USHA688317,USZA300653,USHA603976,USHA603301,USHA688301,USZA002223,USHA688253,USZA300677,USZA300942,USZA300030,USHA688575,USHA688016,USHA600587,USZA300832,USHA688358,USHA688626,USHA688576,USZA301234,USHA688580,USHA603309,USHA688351,USHA603014,USHA688161,USZA300642,USHA688277,USZA301097,USHA688013,USHA688399,USHA688289,USZA002551,USHA688410,USHA600529,USZA300453,USHA688085,USZA300298,USHA688108,USHA688338,USHA688217,USZA301367,USHA688193,USHA688068,USHA688389,USTM920069,USZA300595,USHA603880,USHA688029,USZA300482,USHA603392,USHA600055,USZA300439,USZA301363,USZA300760,USZA301033,USZA300463,USHA688273,USZA300341,USTM920278,USHA688271,USZA301188,USZA300289,USZA300206,USZA300562,USZA300003,USZA002382,USZA301087,USHA688468,USZA002022,USHA688607,USHA688426,USHA688314,USZA300869,USHA603987,USZA300639,USZA300633,USZA300406,USZA002432,USTM920925,USHA688026,USHA688805,USZA300529,USHA603205,USHA603222,USHA600807,USHA603387,USHA688366,USHA688617,USZA002817,USHA688151,USZA301093,USHA688114,USHA688656,USHA688677,USTM920166,USHA603718,USHA688139,USHA600538,USZA300238,USHA605369,USZA301515,USZA300049,USZA301290,USZA300171,USHA688298,USZA002086,USZA300396,USTM920009,USZA300314,USZA002901,USZA002030,USHA688236,USZA300358,USTM920300,USZA301602,USZA301122,USTM920504,USHA688767,USHA688712,USZA300246,USHA688198,USHA688212,USHA688606,USZA002950,USHA688613,USHA688075,USHA603658,USHA688581,USHA688393,USHA688067,USTM920050,USZA300753,USZA301580,USTM920180,USHA688050,USZA300685,USZA300326,USZA002932"
URFI881145,电力,"USHA600163,USHA601985,USZA003816,USHA600023,USHA600032,USZA002256,USZA002053,USZA000539,USZA001896,USHA600157,USZA000862,USZA002480,USHA605162,USHA600956,USHA603105,USZA002015,USHA600505,USHA600173,USZA000543,USZA002218,USHA600780,USHA600509,USZA000591,USZA000531,USZA000631,USZA000027,USZA000037,USHA600642,USZA000601,USHA600021,USZA001286,USHA600116,USHA600905,USZA002039,USHA600982,USZA003035,USHA688248,USHA600995,USHA600101,USZA000993,USHA600868,USZA000537,USZA002617,USZA001289,USHA600167,USZA001258,USHA600644,USHA600149,USZA300317,USZA300040,USHA601908,USZA002893,USHA600578,USHA601778,USZA000767,USHA600821,USZA001210,USHA601016,USHA603693,USZA002608,USZA000600,USHA601619,USZA000692,USHA600575,USHA600744,USHA600025,USHA600863,USHA600011,USHA600475,USHA600930,USHA600396,USHA600027,USZA000722,USZA000883,USHA605580,USHA600226,USHA605011,USHA600886,USHA600795,USHA600236,USHA600098,USHA600310,USHA600979,USZA000899,USZA000791,USZA002479,USHA600483,USHA600452,USHA600052,USZA002310,USHA600292,USZA000875,USZA000958,USZA300335,USHA601991,USHA600719,USHA600674,USZA000155,USHA600969,USZA000966,USZA002616,USHA600900,USZA000690,USZA001376,USTM920770,USHA605028,USZA300125,USZA000595"
URFI881146,燃气,"USHA603080,USHA600803,USHA603689,USZA300332,USHA603318,USZA001331,USZA000407,USZA002259,USHA601139,USZA002267,USZA002700,USZA001299,USHA605368,USTM920010,USHA605090,USHA605169,USHA600617,USHA600903,USZA002911,USHA603706,USZA000593,USHA600635,USHA600917,USHA603053,USHA600333,USHA600681,USZA000669"
URFI881148,港口航运,"USZA000507,USHA600428,USHA600026,USHA601919,USHA601866,USHA603565,USHA601975,USHA601872,USZA001872,USZA000088,USHA603209,USHA600717,USHA601000,USZA000905,USHA600018,USHA600017,USHA601298,USHA601326,USHA601022,USHA600798,USHA601018,USZA002040,USHA601880,USHA601008,USHA601083,USZA002320,USHA603162,USHA600751,USTM920571,USHA601228,USZA000520,USHA600279,USZA001205,USHA603167,USZA000582,USHA600179"
URFI881149,公路铁路运输,"USHA600020,USZA001213,USZA001965,USZA000429,USZA000900,USZA000557,USHA600368,USHA600012,USHA600125,USHA601107,USHA600548,USHA600834,USZA000755,USHA600350,USHA600377,USHA601188,USHA601816,USHA600650,USHA600561,USHA601518,USZA000548,USHA603069,USZA000886,USHA601333,USHA600269,USZA002357,USHA600033,USZA000828,USHA600611,USHA601006,USHA600106,USHA600035"
URFI881151,机场航运,"USZA000099,USHA601111,USHA600115,USHA600897,USZA000089,USHA600009,USHA600029,USHA603885,USZA002928,USHA600515,USHA600221,USHA601021,USHA600004"
URFI881152,物流,"USHA601598,USZA000927,USHA603967,USHA600787,USZA000906,USZA002120,USHA600233,USZA001228,USHA603066,USZA300013,USHA600704,USHA603071,USZA002800,USHA600057,USHA600755,USZA002352,USZA001220,USZA002468,USHA603329,USZA001317,USHA600180,USZA002769,USHA603117,USHA603713,USZA002682,USZA001202,USHA600153,USHA603871,USHA603535,USZA300350,USHA603128,USTM920351,USZA002930,USZA002492,USHA603836,USZA300873,USZA001391,USHA600603,USHA605050,USZA300240,USHA601156,USZA002889,USZA002010,USHA603648,USHA603569,USHA600119,USHA600794,USZA002485,USHT603813,USHT600753"
URFI881153,房地产,"USHA600684,USZA000042,USHA601512,USZA002188,USHA600675,USZA000797,USHA600007,USZA001979,USZA001914,USHA600895,USZA000573,USZA000514,USZA000620,USHA600692,USHA600657,USHA600638,USZA002968,USHA601155,USHA600773,USZA000560,USHA600648,USZA000090,USHA600665,USZA000965,USZA300917,USHA600736,USZA000718,USHA600376,USHA600604,USZA002016,USZA002285,USZA000006,USZA000011,USZA000029,USHA600748,USHA600848,USZA000014,USZA000863,USZA002146,USZA000517,USHA600208,USHA600533,USHA600639,USHA600724,USZA002314,USHA600064,USHA603506,USHA600246,USZA000002,USHA600606,USHA600663,USHA600463,USHA600683,USHA600791,USHA600322,USZA000897,USHA600383,USZA000402,USHA600340,USZA000036,USHA600503,USHA600325,USHA600510,USZA002208,USZA002133,USHA600708,USHA600622,USZA000926,USHA600716,USHA600658,USZA000031,USHA600094,USHA600159,USHA600649,USHA600266,USZA000838,USZA002244,USHA600048,USZA002822,USHT600136,USHT600082,USZA000736,USZA000609,USZA000608,USZA000909,USZA000668,USZA000656"
URFI881155,银行,"USHA601860,USHA601998,USHA601988,USZA002936,USHA601916,USHA600036,USZA002839,USHA601077,USHA601658,USHA601166,USHA600928,USHA601187,USZA002966,USHA603323,USHA601229,USHA601528,USZA002958,USZA002948,USHA600000,USZA000001,USHA601288,USZA002142,USHA601009,USHA600908,USHA600016,USZA001227,USHA601665,USHA601328,USZA002807,USHA600919,USHA601939,USHA600015,USHA601825,USHA600926,USHA601997,USHA601818,USHA601398,USHA601963,USHA601838,USHA601577,USHA601128,USHA601169"
URFI881156,保险,"USHA601601,USHA601628,USHA601319,USHA601318,USHA601336"
URFI881157,证券,"USHA601375,USHA601696,USHA600030,USHA601066,USHA600918,USHA601995,USHA601881,USHA601878,USHA600999,USHA601377,USHA601059,USHA600095,USHA600369,USZA002673,USHA601162,USHA601099,USHA601136,USZA000166,USZA002500,USHA601990,USZA000712,USHA600621,USZA002926,USHA601688,USZA002945,USHA600155,USHA600909,USHA600864,USHA601236,USZA000728,USZA002736,USHA600061,USHA601211,USZA002670,USHA601456,USHA600109,USZA000750,USZA000776,USHA601788,USHA601901,USHA601198,USHA601555,USHA600958,USZA300059,USZA000686,USZA002797,USZA000783,USZA002939,USHA601108,USHA600906"
URFI881158,零售,"USHA600185,USHA600280,USZA000715,USHA601888,USZA000759,USHA600113,USHA600239,USHA600655,USZA002177,USHA600778,USZA002277,USHA601933,USHA600858,USHA600824,USZA002561,USHA600628,USHA600785,USHA600415,USHA600162,USZA000501,USHA601010,USHA600859,USZA000419,USZA000829,USZA002419,USZA000058,USHA600838,USHA601116,USZA000007,USHA600790,USHA600697,USZA000061,USHA600857,USHA600712,USZA300972,USHA601828,USHA600828,USHA601366,USHA600738,USZA000785,USHA603682,USZA300022,USHA600605,USHA603101,USZA000056,USZA300755,USHA600743,USZA000882,USZA002356,USHA600814,USZA002344,USZA301078,USHA603708,USZA002697,USZA000417,USHA605188,USHA601086,USZA002187,USZA000564,USZA002818,USHA600693,USZA300947,USHA600694,USZA000679,USHA600729,USZA002251,USZA300622,USHA600827,USHA600865,USHA603214,USZA002416,USZA002305"
URFI881159,贸易,"USHA601061,USZA000151,USZA002183,USHA600725,USZA000626,USHA600058,USZA000701,USHA600710,USHA600287,USHA600981,USHA600128,USZA002072,USZA002091,USHA600278,USHT600608"
URFI881160,旅游及酒店,"USZA002707,USHA600138,USZA002059,USHA600576,USZA300859,USHA600749,USZA000721,USZA000610,USHA605108,USHA603136,USZA000558,USZA300144,USHA600258,USHA603402,USZA002627,USZA002159,USZA002186,USHA600706,USHA600250,USZA000524,USZA002033,USZA000796,USZA301073,USHA603199,USHA600754,USHA601007,USHA600054,USZA000428,USZA000069,USZA000978,USZA000888,USHA600593,USHA603099,USZA000430,USZA002306"
URFI881162,通信服务,"USZA000889,USHA600941,USHA600050,USHA601728,USZA300560,USHA603220,USZA301139,USZA300310,USZA002316,USZA300959,USZA300292,USZA301380,USZA300895,USZA300113,USHA603881,USZA300846,USZA301428,USZA300050,USZA002115,USZA300442,USZA002929,USZA002544,USZA300571,USZA300921,USZA002123,USZA000815,USZA300603,USHA603206,USZA300597,USZA300578,USZA300025,USZA300513,USZA002093,USZA000839,USTM920924,USZA300383,USZA301382,USZA002467,USHA603887,USZA002148,USZA300738,USHT600289,USHT603559,USZA300081,USZA002289"
URFI881164,文化传媒,"USHA603602,USZA301299,USZA000719,USZA300788,USZA300364,USHA600373,USHA601098,USHA601858,USHA601949,USZA000676,USZA300785,USHA600986,USHA601921,USZA301102,USHA603533,USZA002181,USZA002878,USHA603598,USZA300781,USZA301171,USZA002291,USZA300612,USZA300770,USHA603096,USHA601811,USHA603888,USHA600825,USZA002264,USHA601801,USZA300148,USZA002354,USHA600556,USZA002238,USZA300063,USZA002995,USZA002712,USZA000681,USZA300654,USHA600551,USZA002400,USZA002095,USHA601019,USHA605168,USZA301231,USHA603000,USZA300061,USHA603230,USHA601900,USZA301551,USZA300413,USHA603729,USHA605577,USTM920021,USZA300058,USHA600959,USZA300242,USHA601929,USZA000156,USZA000607,USZA000665,USZA301262,USZA301052,USHA600640,USHA600358,USHA600996,USHA600831,USHA600037,USZA300071,USHA601928,USHA603466,USZA002027,USZA301313,USHA603999,USZA301025,USHA600637,USZA300805,USZA000917,USZA300987,USHA601999,USHA600229,USHA600757,USHT603825,USZA300295,USZA000793,USHT600228"
URFI881165,综合,"USHA600770,USZA000753,USHA600805,USHA600881,USHA600620,USHA600089,USZA000025,USZA000652,USHA600689,USZA000632,USZA002575,USHA600051,USHA600682,USZA000421,USHA600676,USHA600673"
URFI881166,军工装备,"USHA688070,USHA600038,USHA688297,USZA003009,USZA300810,USZA300777,USHA600765,USZA000768,USHA600760,USHA600372,USHA600862,USZA302132,USHA600118,USHA601698,USHA600764,USHA600150,USHA600685,USZA000519,USHA601890,USZA002829,USZA300722,USZA002933,USHA688122,USZA002111,USTM920642,USZA300922,USZA300008,USHA603268,USZA301696,USZA300775,USHA605123,USHA600967,USHA688685,USHA688231,USZA002651,USHA688282,USZA300875,USZA300589,USHA688586,USZA002265,USZA301586,USHA688708,USHA688281,USHA600316,USZA300965,USHA688239,USHA688510,USZA300424,USHA688523,USHA688066,USHA600879,USZA002389,USZA000738,USHA600391,USHA600893,USHA688563,USZA002023,USZA300065,USZA300600,USHA688543,USZA300900,USZA300699,USZA002625,USHA600184,USZA300034,USZA000576,USZA000561,USZA300395,USHA688818,USTM920006,USZA300581,USHA688237,USHA601606,USZA002297,USZA002985,USHA600435,USZA301357,USZA300719,USZA300696,USZA300527,USZA000697,USHT603261,USHT688287"
URFI881167,非金属材料,"USZA000833,USTM920971,USHA603612,USHA603663,USZA001359,USTM920719,USHA605086,USHA688300,USZA301071,USHA603826,USHA603688,USTM920175,USZA001296,USTM920675"
URFI881168,工业金属,"USHA600961,USHA603527,USHA600595,USZA000758,USZA000060,USHA601600,USZA000816,USHA601388,USZA000878,USZA000807,USHA600531,USHA605208,USHA603271,USZA300337,USZA002540,USHA600615,USZA003038,USTM920634,USHA600888,USZA000751,USHA600338,USHA601168,USZA000630,USZA002532,USZA002996,USZA000933,USHA600490,USHA600219,USZA300057,USHA601677,USZA002578,USHA603993,USZA002114,USZA002501,USHA603937,USZA002295,USHA601609,USHA603132,USHA603979,USZA000612,USHA600362,USHA601020,USHA601702,USZA002379,USZA002824,USZA002988,USZA002203,USHA603876,USZA300697,USHA600711,USZA000603,USHA600361,USZA002171,USHA600497,USZA002160,USZA000737,USHA601212"
URFI881169,贵金属,"USHA601899,USHA600489,USZA000506,USZA000426,USZA300139,USHA601069,USZA001337,USZA000975,USHA600547,USZA002155,USZA002716,USZA002237,USHA600988"
URFI881170,小金属,"USZA000657,USZA002738,USZA001280,USZA000831,USZA002378,USZA002428,USZA300328,USZA002842,USZA000960,USZA002149,USTM920068,USHA600549,USHA601958,USHA688750,USHA600281,USHA600301,USZA301026,USZA000688,USHA600459,USZA002167,USZA000962,USZA001257,USHA600392,USHA600111,USHA600456,USZA002182,USZA002978,USHA600259"
URFI881171,自动化设备,"USHA603275,USTM920260,USHA688777,USZA300097,USZA301512,USZA301312,USHA688395,USZA301029,USZA002334,USZA301021,USHA603666,USHA688816,USHA688312,USTM920885,USHA603416,USZA301112,USZA002527,USZA301418,USHA688698,USZA300607,USZA300461,USHA688003,USHA688570,USZA301568,USHA688623,USZA300853,USZA300276,USHA603283,USZA300747,USHA688215,USHA688090,USZA301360,USHA600215,USZA001223,USZA301199,USHA688310,USZA300757,USHA688017,USHA688400,USHA688518,USZA002979,USTM920425,USZA300484,USHA603203,USHA603960,USZA002957,USHA688255,USHA605288,USHA688306,USTM920578,USZA300802,USHA688290,USZA300400,USZA300220,USHA603583,USHA688025,USHA688218,USHA605186,USZA300024,USTM920579,USZA300124,USZA000988,USZA300278,USHA603015,USZA001266,USHA688320,USZA301320,USTM920405,USHA688559,USZA002184,USZA300227,USZA301510,USZA301633,USZA300486,USTM920593,USHA688170,USZA301200,USZA002008,USHA603025,USZA300430,USTM920396,USHA688160,USHA688097,USZA002698,USZA002975,USHA688188,USHA688686,USHA688125,USHA688329,USZA002747,USHA688165,USHT688646,USTM920125"
URFI881172,电子化学品,"USZA300684,USHA688549,USHA688146,USHA688545,USZA002584,USZA301319,USZA301630,USHA600330,USHA688603,USZA301489,USZA300236,USHA688359,USHA688550,USZA300576,USZA300481,USZA300346,USZA002643,USHA688150,USHA688683,USZA300429,USZA300655,USHA688106,USHA603078,USHA688268,USHA603256,USHA603002,USHA603115,USZA300285,USTM920402,USZA300537,USHA688548,USZA002741,USHA603931,USZA300398,USHA688371,USHA688020,USZA300054,USHA688035,USHA688378,USHA688019"
URFI881173,小家电,"USZA002705,USZA002959,USZA002032,USZA300247,USHA603579,USZA301187,USZA001259,USHA603355,USHA603486,USZA300272,USZA002242,USTM920926,USHA603219,USHA603868,USHA688169,USZA301332,USHA605555,USZA003023,USHA603215,USTM920199,USHA688793,USZA300824,USZA002614,USZA002403,USZA002005"
URFI881174,厨卫电器,"USZA002677,USZA300911,USHA603366,USZA002543,USZA002508,USZA300894,USZA002035,USHA603551,USHT605336"
URFI881175,医疗服务,"USHA603127,USZA300143,USHA688710,USZA300725,USHA603259,USHA688046,USHA688621,USZA002219,USHA600763,USZA300347,USTM920670,USZA301293,USZA300149,USZA301239,USZA301257,USZA301333,USHA688315,USHA688265,USZA301520,USZA002044,USHA688202,USZA301060,USZA300759,USZA002821,USHA603456,USHA603882,USZA301509,USZA002622,USHA688131,USZA301230,USZA301267,USZA301235,USZA300676,USZA301103,USHA688238,USZA300683,USZA000516,USZA002524,USZA300244,USHA600257,USHA600327,USZA002173,USZA301201,USHA688222,USZA300363,USZA300404,USHA688073,USZA000710,USHA600721,USZA301096,USHA688796,USZA002172,USHA688293,USZA300015,USHT600568,USZA000504"
URFI881177,互联网电商,"USZA300792,USZA300464,USZA300518,USHA600539,USZA301558,USZA301381,USZA003010,USZA301110,USZA002127,USHA605136,USZA002640,USZA301001,USZA002315,USZA002803,USZA300209,USZA300592,USHA603613,USZA002024,USHT600365"
URFI881178,教育,"USHA600730,USZA002607,USZA000526,USZA300359,USZA300192,USZA002659,USHA605098,USZA300492,USZA300010,USZA300688,USHA600455,USHA600661,USZA300338,USHT603377,USHT600636,USZA003032"
URFI881179,其他社会服务,"USHA600158,USZA300962,USZA301508,USHA601965,USZA002057,USTM920122,USHA600654,USZA001396,USZA300938,USHA688334,USZA301306,USHA600662,USZA301449,USTM920753,USZA300416,USZA301228,USHA688757,USTM920208,USZA300887,USZA300795,USZA301169,USZA301115,USZA002858,USHA600826,USZA300662,USZA003008,USZA300668,USHA603183,USZA300012,USTM920039,USZA301289,USHA603060,USZA301632,USZA002967,USZA300797,USZA300860,USZA300215,USTM920160,USHA600861,USHA601588,USHA603373"
URFI881180,石油加工贸易,"USHA601857,USHA600028,USZA000819,USZA002986,USHA600506,USZA000554,USHA600688,USZA001316,USZA002493,USZA300055,USZA000637,USHA603798,USZA002408,USZA000059,USHA603223,USHA600346,USHA603353,USZA002377,USZA000096,USZA002221,USZA000301,USZA000985,USHA600800,USZA300839,USZA002476,USZA300135,USZA000698"
URFI881181,环境治理,"USHA688701,USZA002778,USHA600217,USZA000544,USZA000685,USZA300854,USZA301175,USZA300425,USTM920263,USZA000035,USZA300692,USZA300172,USHA603903,USHA603126,USHA605069,USZA002266,USZA300815,USHA601033,USZA300187,USZA300266,USZA000598,USTM920370,USHA600769,USZA301127,USHA600168,USHA603568,USZA300190,USZA002034,USZA003027,USHA688679,USZA301519,USZA003039,USHA600008,USZA300867,USZA300961,USHA603200,USHA601200,USZA000803,USHA601827,USHA688101,USHA688480,USZA002573,USZA300437,USZA002973,USHA600283,USHA600796,USZA000826,USZA300664,USZA300864,USHA688178,USZA300355,USZA002887,USHA601330,USHA601368,USHA603797,USHA603291,USHA688565,USZA301305,USZA301372,USZA002549,USZA301109,USHA688485,USHA688096,USZA001230,USZA000546,USHA688466,USHA688057,USZA300197,USZA300140,USZA300388,USHA601199,USZA300958,USZA301148,USHA600323,USZA300779,USZA300929,USZA301265,USZA000068,USZA002645,USHA600461,USHA603817,USHA603759,USHA600187,USZA301203,USZA300948,USHA603588,USHA603686,USHA603315,USZA301500,USZA002210,USHA603359,USZA002672,USHA600133,USHA688069,USHA603177,USZA301068,USHA601158,USHA688370,USHA600874,USZA000885,USZA301049,USZA000605,USZA300422,USZA300070,USZA300774,USZA300614,USZA301259,USZA300152,USZA002717,USZA000711,USHT605081,USZA300899"
URFI881182,美容护理,"USZA002511,USZA001206,USZA300658,USZA300888,USHA603983,USZA300740,USHA600315,USHA603193,USZA300132,USHA603605,USHA600249,USZA002243,USHA603630,USZA301009,USZA300856,USZA300849,USTM920982,USZA301059,USZA301108,USZA300955,USZA300886,USHA688363,USHA605009,USHA600223,USZA301371,USZA001328,USHA603059,USZA300957,USZA003006,USTM920123,USZA300896,USZA000615"
URFI881263,农化制品,"USZA300575,USZA003042,USHA603970,USZA002758,USZA002539,USHA600096,USTM920819,USHA600486,USZA000792,USZA000893,USZA300261,USHA600141,USZA000902,USZA002942,USHA600596,USHA603086,USZA002999,USZA301665,USHA603585,USZA000731,USZA002588,USZA301035,USZA001231,USTM920159,USHA605033,USZA000912,USTM920866,USHA600691,USHA600470,USZA002250,USZA002734,USZA002258,USZA002470,USHA600389,USHA600426,USHA600731,USZA000422,USHA600331,USHA603077,USHA603639,USZA000525,USHA603395,USZA002749,USHA603599,USZA300804,USZA300387,USHA603810,USZA002545,USZA300505,USZA002895,USZA002312,USHA600227,USHA600078,USZA002391,USZA000408,USZA300796,USHA603360,USZA002170,USZA000553,USZA002538,USZA002496"
URFI881264,化学纤维,"USHA688295,USZA002427,USZA002998,USZA000949,USHA603225,USHA600063,USHA688722,USHA601233,USHA603406,USZA002254,USHA603332,USZA001369,USHA600810,USHA600370,USZA300876,USHA605166,USHA600527,USTM920077,USZA000420,USZA301057,USZA000936,USZA002064,USHA601113,USZA000703,USZA000677,USZA000782,USHA603382,USZA002206,USZA300905"
URFI881265,塑料制品,"USHA688716,USZA301565,USZA301092,USZA002522,USZA300305,USHA603879,USZA300230,USHA688087,USZA300221,USHA603928,USZA300834,USTM920028,USZA301687,USZA300980,USZA002886,USZA000920,USHA688718,USZA301196,USZA300538,USZA300321,USHA603330,USZA300806,USZA002585,USZA002395,USHA605589,USZA002361,USHA688585,USZA300920,USHA688323,USZA300243,USZA301395,USZA002324,USTM920871,USZA301019,USTM920056,USZA300644,USZA002825,USZA301216,USZA301588,USZA300586,USHA600135,USZA300487,USZA301591,USTM920066,USZA300995,USZA301538,USHA688669,USZA301131,USZA300334,USHA600143,USZA301003,USHA688219,USZA301555,USZA300717,USZA301090,USZA300180,USZA300539,USZA301237,USTM920089,USZA300478,USHA688203,USZA000859,USZA002768,USZA001333,USTM920469,USHA605488,USZA000973,USHA688386,USHA601208,USZA001378,USHA601026,USZA002632,USZA002838,USZA002263,USHA605008,USZA002108,USZA001255,USZA300218,USHT603580"
URFI881266,橡胶制品,"USTM920694,USZA300767,USTM920188,USZA301300,USZA001325,USZA002753,USZA300121,USHA603650,USZA300587,USZA002381,USTM920834,USHA603033,USZA002224,USHA605183,USZA002442,USZA001207,USTM920225,USTM920665,USTM920098,USZA300731,USZA002068,USZA300320"
URFI881267,能源金属,"USTM920914,USZA002756,USHA603399,USZA002667,USZA002466,USZA301219,USZA002192,USHA603799,USZA300618,USZA002460,USZA002240,USHA605376"
URFI881268,工程机械,"USZA000157,USHA603194,USHA605305,USTM920101,USHA603338,USZA001239,USZA000425,USTM920174,USZA301161,USTM920245,USZA001226,USTM920599,USTM920706,USHA688425,USHA603273,USHA600815,USZA301079,USZA000680,USZA002097,USHA600031,USHA603611,USHA603280,USTM920839,USTM920002,USZA000528,USZA301279,USHA600984,USZA002685,USTM920942,USHA601100,USHA603298,USZA300201,USZA301446,USHA605389,USHA600761,USHA603638"
URFI881269,轨交设备,"USZA000925,USHA600528,USHA601766,USHA688009,USZA300351,USZA300923,USHA603500,USHA605001,USZA300960,USHA688569,USTM920541,USHA688187,USZA000008,USZA300906,USZA301016,USZA300594,USZA002972,USHA603111,USHA600495,USHA603680,USZA301048,USHA688015,USTM920027,USZA300851,USHA688459,USHA688367,USHA688285,USZA300011,USZA001324,USHA605298"
URFI881270,元件,"USZA300936,USZA002579,USZA300814,USTM920821,USZA301176,USHA603328,USZA301366,USHA688655,USZA002436,USHA605258,USZA002141,USZA301251,USHA600237,USZA002134,USHA603738,USZA300852,USZA002138,USHA603920,USTM920128,USZA300476,USHA600183,USHA688183,USZA002916,USZA300408,USZA002938,USHA688519,USTM920060,USZA300739,USZA301132,USZA300319,USZA300903,USZA301628,USHA603386,USZA301458,USHA603228,USTM920981,USZA301282,USZA301041,USZA002636,USZA002484,USHA603186,USZA002463,USZA300657,USHA603459,USZA001389,USTM920641,USZA000636,USHA600601,USHA600563,USZA002384,USZA301566,USZA002815,USHA603175,USZA000823,USHA603936,USZA300964,USZA002552,USHA605058,USZA002913,USHA603989,USZA300460,USZA002199"
URFI881271,IT服务,"USZA000938,USHA688258,USZA002401,USZA301208,USHA688568,USZA300678,USZA002657,USZA300496,USHA600536,USHA688191,USTM920171,USZA002197,USHA688509,USZA002771,USHA600797,USZA300440,USTM920806,USHA688343,USZA000409,USHA688327,USZA300674,USHA688158,USZA300231,USZA300212,USZA002195,USZA301085,USTM920116,USZA300248,USHA605398,USHA600476,USZA300541,USZA300017,USZA002331,USZA301556,USZA300245,USZA301178,USZA300872,USTM920564,USZA300399,USZA002368,USZA300078,USHA603171,USZA300079,USZA300150,USHA600734,USZA000555,USZA000034,USZA300687,USZA002474,USZA300339,USZA301236,USZA002642,USZA300290,USHA688316,USZA002373,USZA002232,USHA688227,USHA603859,USHA603636,USZA301638,USZA300168,USTM920227,USTM920748,USTM920790,USTM920130,USHA600756,USZA300682,USZA300288,USZA002380,USHA688228,USZA301172,USZA002777,USZA003005,USZA300532,USHA600446,USHA603918,USZA002609,USZA301248,USHA688051,USHA600728,USZA300264,USZA300609,USHA688500,USZA301316,USZA301218,USHA600410,USZA301396,USZA002229,USHA688088,USZA300448,USHA600271,USTM920092,USZA300746,USZA300170,USZA300300,USHA688787,USTM920953,USTM920184,USHA600131,USHA688365,USHA688207,USZA300287,USHA600718,USZA002065,USZA300166,USHA600850,USZA002908,USHA688039,USHA600589,USZA002421,USZA300250,USZA300523,USHA603322,USZA000158,USZA300634,USHA688229,USZA002649,USHA688004,USTM920493,USHA600936,USHA600845,USHA600666,USHT603869,USZA300020,USZA300419,USZA300167,USTM920305,USZA300044"
URFI881272,软件开发,"USTM920207,USHA688083,USHA688038,USHA603927,USZA301153,USHA688695,USHA688369,USZA300803,USZA003007,USHA600602,USZA002063,USHA688479,USHA600588,USHA688244,USZA300935,USZA300377,USHA688435,USZA300085,USZA002178,USHA688225,USZA301337,USHA688031,USHA600571,USZA300469,USHA688201,USHA688590,USHA688232,USZA300542,USZA300253,USHA688171,USZA301315,USHA603189,USZA002261,USZA300229,USZA300033,USZA301378,USZA300047,USZA002212,USHA688507,USZA002405,USZA300468,USZA300556,USZA300608,USZA300075,USZA300579,USZA300454,USZA300226,USHA688030,USZA301159,USHA601360,USHA688152,USZA002439,USHA688118,USZA300996,USHA688109,USZA301185,USZA000948,USZA300624,USZA300766,USHA603990,USZA300369,USHA688078,USHA688588,USZA002322,USHA688631,USZA300663,USZA002230,USZA300520,USTM920932,USZA300730,USHA688561,USZA002279,USHA688326,USZA002987,USZA300830,USHA688111,USHA688291,USZA300559,USHA688246,USZA003029,USZA300271,USTM920592,USZA300074,USZA301269,USTM920415,USHA600570,USZA300365,USZA300605,USZA300550,USHA688296,USHA688657,USHA688562,USZA301270,USZA002362,USHA603138,USHA688615,USZA000503,USZA300188,USZA301162,USZA002410,USZA301095,USZA301221,USHA603232,USZA300465,USHA688206,USHA688095,USZA300235,USHA603039,USZA300925,USZA002153,USHA603528,USZA300378,USHA603383,USHA688579,USZA300768,USHA601519,USHA600288,USHA688692,USHA688651,USZA300451,USZA300598,USZA300036,USZA300348,USHA688318,USZA300525,USHA600880,USZA300352,USZA301195,USHA688058,USZA300380,USHA688023,USHA688168,USTM920799,USZA300096,USZA300311,USZA300366,USZA002253,USZA300561,USZA000004"
URFI881273,白酒,"USHA603198,USHA600197,USZA002304,USZA000858,USZA002646,USZA000860,USHA600779,USHA600702,USHA600809,USZA000568,USHA600559,USHA603589,USZA000799,USHA603369,USHA600199,USHA603919,USZA000995,USHA600519,USZA000596,USHT600696"
URFI881274,影视院线,"USHA600088,USHA600977,USZA300528,USHA600715,USHA601595,USZA002739,USZA002905,USZA300182,USZA000892,USZA300426,USZA300027,USZA300133,USHA603103,USZA300251,USZA002343,USZA001330,USZA000802,USZA300291,USZA002292,USHT603721"
URFI881275,游戏,"USZA300052,USHA600633,USZA300315,USZA002174,USZA002605,USZA300467,USZA300043,USZA002624,USZA300459,USZA002602,USZA300002,USZA002555,USZA002919,USZA002517,USZA300418,USZA002425,USZA002558,USHA603444,USZA300299,USHA603258,USZA300494,USZA300533,USZA300031,USHT600892"
URFI881276,军工电子,"USZA002179,USZA300177,USZA002189,USHA688636,USZA300101,USZA000733,USHA688439,USZA002519,USHA688081,USZA300629,USHA688011,USHA688511,USZA300397,USZA002935,USHA600590,USHA600990,USZA300762,USZA301517,USHA688002,USZA300447,USHA603712,USHA688522,USHA688311,USZA301592,USZA002413,USZA301050,USHA688788,USZA300474,USHA688084,USZA300252,USHA688682,USHA603678,USZA301302,USZA300045,USHA688629,USZA301682,USZA300726,USHA603267,USHA688552,USZA000547,USZA002025,USHA600855,USZA002465,USZA002383,USHA600562,USZA301571,USHA688776,USHA688375,USZA301213,USHA688175,USZA002414,USHA688272,USZA002446,USTM920008,USZA002151,USHA688132,USZA002338,USZA300123,USHT688053,USZA001270,USZA002977,USZA002214"
URFI881277,电机,"USHA603988,USZA003021,USZA301023,USHA603344,USHA600416,USHA600580,USZA002801,USZA002576,USHA603819,USTM920100,USHA603728,USZA002892,USZA300907,USZA002823,USZA002176,USZA300660,USZA000922,USZA301502,USHA603370,USZA300626,USZA002196,USHA603320,USZA002249,USTM920011,USHA603489,USHA603350"
URFI881278,电网设备,"USZA002346,USZA301361,USZA002441,USZA300018,USZA300062,USZA002309,USHA601179,USZA002298,USZA300933,USZA002471,USZA002169,USHA601877,USZA301179,USHA688597,USHA600869,USZA002692,USZA300514,USTM920508,USTM920046,USZA301012,USTM920556,USZA001388,USZA001382,USZA301120,USZA000720,USZA002546,USHA603016,USHA688663,USZA301388,USHA688616,USHA603312,USZA300283,USZA301386,USHA688226,USHA603191,USZA300265,USZA002560,USHA605066,USZA300001,USZA002300,USTM920118,USZA002927,USHA601126,USZA002028,USZA000533,USZA300444,USHA603530,USHA603333,USZA301609,USZA002358,USZA002857,USZA300932,USHA601567,USZA002112,USZA300423,USZA002953,USTM920682,USHA605222,USHA600312,USTM920375,USHA600768,USZA300882,USZA002276,USHA603070,USZA002451,USZA301291,USZA301295,USHA603829,USHA601222,USZA002706,USTM920062,USZA002121,USHA603050,USHA688681,USZA300222,USZA300407,USTM920029,USZA300880,USZA300360,USTM920111,USZA301082,USHA600577,USZA002090,USHA688676,USZA002882,USZA300069,USZA300510,USHA688517,USZA002533,USHA603097,USZA002339,USZA301668,USZA301439,USZA000400,USTM920496,USHA603577,USHA605196,USZA002980,USZA002270,USZA001208,USTM920018,USHA601096,USHA688330,USHA600885,USZA300141,USHA688611,USHA603618,USZA002498,USHA603556,USZA300427,USHA600268,USHA600406,USTM920037,USHA601616,USHA688450,USHA600067,USHA603045,USHA601700,USZA000682,USHA603606,USZA300670,USZA002606,USTM920639,USZA002879,USZA002452,USHA603897,USHA600192,USTM920299,USZA002350,USHA600973,USHA600379,USHA600550,USHA600468,USHA603861,USZA300286,USZA300617,USZA300477,USHT600525"
URFI881279,光伏设备,"USHA688408,USZA300393,USZA002150,USZA301636,USHA688348,USZA301266,USTM920007,USHA603381,USHA600537,USZA300080,USZA300274,USZA002623,USZA002506,USTM920167,USHA600438,USZA301168,USHA688033,USHA688599,USZA002079,USHA600481,USZA301658,USHA688429,USZA300827,USHA603212,USHA603628,USTM920414,USZA001269,USHA688560,USZA300751,USZA300051,USHA601012,USTM920368,USZA003022,USZA002513,USHA688726,USZA301278,USHA600876,USZA002865,USHA688503,USZA300316,USHA688223,USZA002459,USZA300763,USHA603396,USHA688598,USZA300724,USZA300345,USHA603185,USZA002056,USHA688032,USHA688680,USTM920985,USHA603778,USZA000159,USHA688390,USHA688556,USHA603806,USHA601865,USZA300118,USZA300842,USZA300776,USHA605117,USHA688303,USHA688516,USHA600207,USHA600732,USHA688717,USHA688472,USZA002129,USZA300716,USZA000821,USHT603398,USZA300093"
URFI881280,风电设备,"USZA301040,USHA600072,USHA603507,USZA300772,USZA300850,USHA603248,USZA300904,USZA300185,USZA002531,USZA300569,USZA300129,USZA300690,USHA600458,USHA688349,USHA603218,USZA301456,USHA601615,USZA300443,USZA002202,USHA601218,USZA301163,USHA603985,USZA000809,USHA603063,USZA301155,USHA688186,USZA301232,USHA688660,USHA603092,USZA002487,USZA301557"
URFI881281,电池,"USZA301121,USHA688772,USZA301150,USZA300919,USZA301587,USZA300035,USZA000009,USZA300410,USHA688707,USZA300953,USZA301222,USHA688638,USZA300457,USZA300014,USHA688339,USHA688733,USHA605378,USZA002733,USZA300648,USZA300568,USHA688573,USZA301349,USZA300037,USZA300207,USZA300890,USZA002125,USHA688155,USZA300450,USHA688779,USTM920779,USZA002245,USHA600152,USZA301217,USHA688819,USHA688116,USZA301152,USZA002759,USZA300390,USTM920252,USZA002709,USHA688778,USHA600241,USZA002580,USZA001301,USZA301513,USZA301238,USHA688005,USHA603659,USZA300438,USHA688063,USHA600110,USZA300750,USZA300068,USTM920522,USHA688275,USHA600847,USZA301487,USTM920119,USZA301325,USHA603906,USZA300530,USTM920627,USTM920237,USHA688499,USHA600478,USZA300340,USZA002850,USHA601311,USZA300128,USZA300619,USZA301210,USHA688392,USHA688388,USHA688353,USZA301327,USZA301358,USZA301662,USZA001283,USHA688006,USZA301292,USZA002074,USZA002340,USHA688567,USZA002805,USHA688148,USZA002812,USHA603026,USHA603032,USZA000049,USTM920523,USZA301511,USZA300769,USZA300409,USZA300073,USTM920239,USHA688345,USZA000695,USTM920185,USHA603959,USHA603031,USTM920809,USHT688184,USZA300173,USZA002058"
URFI881282,其他电源设备,"USZA301516,USZA002364,USHA600482,USZA301590,USZA300713,USZA300820,USZA300376,USZA300593,USZA002534,USZA002052,USZA300491,USHA601727,USZA002366,USZA300277,USZA300870,USZA002851,USHA600212,USTM920110,USHA688551,USZA300153,USZA002518,USZA002335,USZA002951,USZA300490,USZA301157,USZA002255,USHA688411,USHA600405,USHA600875,USZA300693,USHA688719,USZA002630,USZA002227"
URFI881283,多元金融,"USZA000617,USZA002423,USHA600120,USZA000987,USHA600927,USHA600318,USHA600830,USHA600390,USZA000935,USZA000563,USZA002961,USZA002647,USHA603093,USHA600783,USZA300773,USHA600053,USHA600901,USHA600816,USZA000532,USZA001236,USHA603300,USZA000567,USHA600517,USHA603123,USZA000415,USHA600643"
URFI881284,环保设备,"USZA300056,USHA600817,USZA000967,USZA301081,USHA603282,USZA002658,USZA300137,USZA301030,USHA688501,USHA688376,USZA300105,USHA600388,USZA300800,USZA300862,USZA300631,USHA688309,USTM920145,USZA300786,USHA688335,USHA600526,USZA000890,USHA603324,USZA000551,USZA001336,USHA688671,USTM920802,USZA300385,USZA301288,USZA000820"
